;;;;;;;PRODUTO;EAN;;CÓDIGO;PREÇO RECOMENDADO
CAT CAN;WHI CAN 0,29 KG;WHI CAN;290 G;ATUM;Nacional;10277808;WHISKAS LATA ATUM 24X290G RE23;7896029079607;050202051540;97283;R$ 15,39
CAT CAN;WHI CAN 0,29 KG;WHI CAN;290 G;PEIXE;Nacional;10277809;WHISKAS LATA PEIXE 24X290G RE23;7896029079485;050202051512;97288;R$ 15,39
CAT CAN;WHI CAN 0,29 KG;WHI CAN;290 G;CARNE;Nacional;10277811;WHISKAS LATA CARNE 24X290G RE23;7896029079447;050202051508;97285;R$ 15,39
CAT CAN;WHI CAN 0,29 KG;WHI CAN;290 G;FRANGO;Nacional;10277813;WHISKAS LATA FRANGO 24X290G RE23;7896029079461;050202051518;97287;R$ 15,39
CAT DRY;KITEKAT DRY 0,9 KG CORE;KITEKAT;900 G;MIX DE CARNES;Nacional;10238739;KITEKAT DRY AD MIX DE CARNES 10X900G;7896029065075;050201084040;98679;R$ 11,90
CAT DRY;KITEKAT DRY 20 KG CORE;KITEKAT;20 KG;MIX DE CARNES;Nacional;10238736;KITEKAT DRY AD MIX DE CARNES 20KG;7896029075258;050201085040;98680;R$ 329,99
CAT DRY;OPT CAT DRY 1 KG CORE;OPT CAT DRY;1 KG;ADULTOS FRANGO;Nacional;10401113;OPT DRY CAT AD FRANGO 10X1KG RE24;7896029038369;050201010102;97831;R$ 31,59
CAT DRY;OPT CAT DRY 1 KG CORE;OPT CAT DRY;1 KG;FILHOTES FRANGO;Nacional;10401115;OPT DRY CAT FIL FRANGO 10X1KG RE24;7896029037645;050201010101;97834;R$ 31,59
CAT DRY;OPT CAT DRY 1 KG CORE;OPT CAT DRY;1 KG;CASTRADOS CARNE;Nacional;10401118;OPT DRY CAT AD CAST CARNE 10X1KG RE24;7896029037362;050201010105;97825;R$ 31,59
CAT DRY;OPT CAT DRY 1 KG CORE;OPT CAT DRY;1 KG;ADULTOS CARNE;Nacional;10401119;OPT DRY CAT AD CARNE 10X1KG RE24;7896029038345;050201010103;97823;R$ 31,59
CAT DRY;OPT CAT DRY 1 KG CORE;OPT CAT DRY;1 KG;CASTRADOS FRANGO;Nacional;10401123;OPT DRY CAT AD CAST FRANGO 10X1KG RE24;7896029036990;050201010104;97828;R$ 31,59
CAT DRY;OPT CAT DRY 10,1 KG CORE;OPT CAT DRY;10,1 KG;ADULTOS FRANGO;Nacional;10401156;OPT DRY CAT AD FRANGO 1X10,1KG RE24;7896029038314;050201010302;97832;R$ 189,90
CAT DRY;OPT CAT DRY 10,1 KG CORE;OPT CAT DRY;10,1 KG;CASTRADOS FRANGO;Nacional;10401157;OPT DRY CAT AD CAST FRANGO 1X10,1KG RE24;7896029037331;050201010304;97829;R$ 189,90
CAT DRY;OPT CAT DRY 10,1 KG CORE;OPT CAT DRY;10,1 KG;CASTRADOS CARNE;Nacional;10401158;OPT DRY CAT AD CAST CARNE 1X10,1KG RE24;7896029037454;050201010305;97826;R$ 189,90
CAT DRY;OPT CAT DRY 3 KG CORE;OPT CAT DRY;3 KG;ADULTOS FRANGO;Nacional;10401109;OPT DRY CAT AD FRANGO 6X3KG RE24;7896029038444;050201010202;97833;R$ 76,90
CAT DRY;OPT CAT DRY 3 KG CORE;OPT CAT DRY;3 KG;FILHOTES FRANGO;Nacional;10401111;OPT DRY CAT FIL FRANGO 6X3KG RE24;7896029037737;050201010201;97835;R$ 76,90
CAT DRY;OPT CAT DRY 3 KG CORE;OPT CAT DRY;3 KG;CASTRADOS FRANGO;Nacional;10401114;OPT DRY CAT AD CAST FRANGO 6X3KG RE24;7896029037324;050201010204;97830;R$ 76,90
CAT DRY;OPT CAT DRY 3 KG CORE;OPT CAT DRY;3 KG;CASTRADOS CARNE;Nacional;10401117;OPT DRY CAT AD CAST CARNE 6X3KG RE24;7896029037386;050201010205;97827;R$ 76,90
CAT DRY;OPT CAT DRY 3 KG CORE;OPT CAT DRY;3 KG;ADULTOS CARNE;Nacional;10401120;OPT DRY CAT AD CARNE 6X3KG RE24;7896029037744;050201010203;97824;R$ 76,90
CAT DRY;WHI DRY 0,5 KG CORE;WHI CAST;500 G;CARNE;Nacional;10254519;WHI DRY GATO CAST CARNE 20X500G 2022;7896029086995;050201060101;98903;R$ 15,90
CAT DRY;WHI DRY 0,9 KG CORE;WHI CAST;900 G;CARNE;Nacional;10254501;WHI DRY GATO CAST CARNE 10X900G 2022;7896029092439;050201060505;98902;R$ 21,90
CAT DRY;WHI DRY 0,9 KG CORE;WHI CAST;900 G;PEIXE;Nacional;10254514;WHI DRY GATOS CAST PEIXE 10X900G 2022;7896029092460;050201060507;98946;R$ 21,90
CAT DRY;WHI DRY 10,1 KG CORE;WHI CAST;10,1 KG;PEIXE;Nacional;10254518;WHI DRY GATOS CAST PEIXE 1X10,1KG 2022;7896029071472;050201060405;98947;R$ 220,44
CAT DRY;WHI DRY 10,1 KG CORE;WHI CAST;10,1 KG;CARNE;Nacional;10254520;WHI DRY GATO CAST CARNE 1X10,1KG 2022;7896029087015;050201060404;98904;R$ 220,44
CAT DRY;WHI DRY 2,7 KG CORE;WHI CAST;2,7 KG;CARNE;Nacional;10254470;WHI DRY GATO CAST CARNE 6X2,7KG 2022;7896029092446;050201060606;98901;R$ 59,90
CAT DRY;WHI DRY 2,7 KG CORE;WHI CAST;2,7 KG;PEIXE;Nacional;10254516;WHI DRY GATOS CAST PEIXE 6X2,7KG 2022;7896029092477;050201060607;98948;R$ 59,90
CAT DRY;WHI DRY 0,5 KG CORE;WHI DRY;500 G;PEIXE;Nacional;10254532;WHI DRY AD PEIXE 20X500G 2022;7896029007020;050201041612;98937;R$ 15,90
CAT DRY;WHI DRY 0,5 KG CORE;WHI DRY;500 G;CARNE;Nacional;10254546;WHI DRY AD CARNE 20X500G 2022;7896029007013;050201041608;98899;R$ 15,90
CAT DRY;WHI DRY 0,9 KG CORE;WHI DRY;900 G;CARNE;Nacional;10254483;WHI DRY AD CARNE 10X900G 2022;7896029091906;050201040508;98898;R$ 21,90
CAT DRY;WHI DRY 0,9 KG CORE;WHI DRY;900 G;AD PEIXE;Nacional;10254487;WHI DRY AD PEIXE 10X900G 2022;7896029092347;050201040511;98936;R$ 21,90
CAT DRY;WHI DRY 0,9 KG CORE;WHI DRY;900 G;FRANGO;Nacional;10254493;WHI DRY AD FRANGO 10X900G 2022;7896029092224;050201040509;98941;R$ 21,90
CAT DRY;WHI DRY 0,9 KG CORE;WHI DRY;900 G;FILHOTE CARNE;Nacional;10254497;WHI DRY FILHOTE CARNE 10X900G 2022;7896029092415;050201040534;98942;R$ 21,90
CAT DRY;WHI DRY 10,1 KG CORE;WHI DRY;10,1 KG;FILHOTES;Nacional;10254531;WHI DRY FILHOTE CARNE 1X10,1KG 2022;7896029007464;050201040334;98945;R$ 220,44
CAT DRY;WHI DRY 10,1 KG CORE;WHI DRY;10,1 KG;PEIXE;Nacional;10254543;WHI DRY AD PEIXE 1X10,1KG 2022;7896029007259;050201040311;98938;R$ 220,44
CAT DRY;WHI DRY 10,1 KG CORE;WHI DRY;10,1 KG;MIX DE CARNE;Nacional;10254544;WHI DRY AD MIX DE CARNES 1X10,1KG 2022;7896029071496;050201040350;98906;R$ 220,44
CAT DRY;WHI DRY 10,1 KG CORE;WHI DRY;10,1 KG;FRANGO;Nacional;10254545;WHI DRY AD FRANGO 1X10,1KG 2022;7896029007402;050201040333;98940;R$ 220,44
CAT DRY;WHI DRY 10,1 KG CORE;WHI DRY;10,1 KG;CARNE;Nacional;10254547;WHI DRY AD CARNE 1X10,1KG 2022;7896029077245;050201040308;98900;R$ 220,44
CAT DRY;WHI DRY 10,1 KG CORE;WHI DRY;10,1 KG;CARNE;Nacional;10254597;BB WHI AD CARNE 1X10,1KG L10,1 P9KG 2022;7896029092491;050201040308;98951;R$ 196,43
CAT DRY;WHI DRY 2,7 KG CORE;WHI DRY;2,7 KG;AD CARNE;Nacional;10254466;WHI DRY AD CARNE 6X2,7KG 2022;7896029091944;050201040208;98897;R$ 59,90
CAT DRY;WHI DRY 2,7 KG CORE;WHI DRY;2,7 KG;MIX DE CARNES;Nacional;10254472;WHI DRY AD MIX DE CARNES 6X2,7KG 2022;7896029092330;050201040250;98905;R$ 59,90
CAT DRY;WHI DRY 2,7 KG CORE;WHI DRY;2,7 KG;AD PEIXE;Nacional;10254485;WHI DRY AD PEIXE 6X2,7KG 2022;7896029092392;050201040211;98935;R$ 59,90
CAT DRY;WHI DRY 2,7 KG CORE;WHI DRY;2,7 KG;AD FRANGO;Nacional;10254489;WHI DRY AD FRANGO 6X2,7KG 2022;7896029092217;050201040233;98939;R$ 59,90
CAT DRY;WHI DRY 2,7 KG CORE;WHI DRY;2,7 KG;FILHOTE CARNE;Nacional;10254499;WHI DRY FILHOTE CARNE 6X2,7KG 2022;7896029092422;050201040234;98943;R$ 59,90
CAT PCH;KITEKAT PCH 0,07 KG;KITEKAT PCH;70 G;CARNE;Nacional;10219411;KITEKAT SACHE AD CARNE 2X24X70G 2020;7896029018057;050203020101;97808;R$ 2,99
CAT PCH;KITEKAT PCH 0,07 KG;KITEKAT PCH;70 G;PEIXE;Nacional;10219412;KITEKAT SACHE AD PEIXE 2X24X70G 2020;7896029018101;050203020103;97810;R$ 2,99
CAT PCH;KITEKAT PCH 0,07 KG;KITEKAT PCH;70 G;FRANGO;Nacional;10219423;KITEKAT SACHE AD FRANGO 2X24X70G 2020;7896029018064;050203020102;97809;R$ 2,99
CAT PCH;KITEKAT PCH 0,07 KG;KITEKAT PCH;70 G;CORDEIRO;Nacional;10286358;KITEKAT SACHE AD CORDEIRO 2X24X70G 2024;7896029046494;050203020104;99444;R$ 2,99
CAT PCH;OPT CAT PCH 0,085 KG;OPT CAT PCH;85 G;CARNE;Nacional;10284313;OPT CAT SACHE AD CARNE 2X20X85G 24;7896029046180;050203011914;99447;R$ 3,90
CAT PCH;OPT CAT PCH 0,085 KG;OPT CAT PCH;85 G;CASTRADOS CARNE;Nacional;10284327;OPT CAT SACHE AD CAST CARNE 2X20X85G 24;7896029046333;050203011915;99448;R$ 3,90
CAT PCH;OPT CAT PCH 0,085 KG;OPT CAT PCH;85 G;SALMAO;Nacional;10284330;OPT CAT SACHE AD SALMAO 2X20X85G 24;7896029046203;050203011918;99449;R$ 3,90
CAT PCH;OPT CAT PCH 0,085 KG;OPT CAT PCH;85 G;CASTRADOS PEIXE;Nacional;10284333;OPT CAT SACHE AD CAST SALMAO 2X20X85G 24;7896029046210;050203011916;99450;R$ 3,90
CAT PCH;OPT CAT PCH 0,085 KG;OPT CAT PCH;85 G;ADULTOS FRANGO;Nacional;10401134;OPT CAT SACHE AD FRANGO 2X20X85G RE24;7896029018248;050203011909;98458;R$ 3,90
CAT PCH;OPT CAT PCH 0,085 KG;OPT CAT PCH;85 G;MANUTENÇÃO PESO FRANGO;Nacional;10401135;OPT CAT SACHE AD MPESO FGO 2X20X85G RE24;7896029018255;050203011919;98459;R$ 3,90
CAT PCH;OPT CAT PCH 0,085 KG;OPT CAT PCH;85 G;FILHOTES FRANGO;Nacional;10401136;OPT CAT SACHE FIL FRANGO 2X20X85G RE24;7896029018286;050203011917;98460;R$ 3,90
CAT PCH;OPT CAT PCH 0,085 KG;OPT CAT PCH;85 G;CASTRADOS FRANGO;Nacional;10401137;OPT CAT SACHE AD CAST FRA 2X20X85G RE24;7896029018231;050203011920;98457;R$ 3,90
CAT PCH;OPT CAT PCH 0,085 KG;OPT CAT PCH;85 G;CASTRADOS FRANGO;Nacional;10254607;BB OPT SCH CAT AD CAST FGO L8P7 2022;7896029009772;050203011920;98954;R$ 27,28
CAT PCH;SHE PCH 0,085 G;SHE PCH;85 G;AD ATUM MARINADO;Nacional;10275923;SHEBA SCH AD ATUM MARINADO 2X20X85G RE23;7896029017616;050203030101;97813;R$ 5,49
CAT PCH;SHE PCH 0,085 G;SHE PCH;85 G;AD CARNE MOLHO;Nacional;10275928;SHEBA SCH AD CARNE MOLHO 2X20X85G RE23;7896029017647;050203030102;97811;R$ 5,49
CAT PCH;SHE PCH 0,085 G;SHE PCH;85 G;AD FRANGO ASSADO;Nacional;10275977;SHEBA SCH AD FRANGO ASSADO 2X20X85G RE23;7896029017630;050203030103;97812;R$ 5,49
CAT PCH;SHE PCH 0,085 G;SHE PCH;85 G;AD SALMAO MOLHO;Nacional;10280811;SHEBA SCH AD SALMAO MOLHO 2X20X85G RE23;7896029017654;050203030104;97814;R$ 5,49
CAT PCH;SHE PCH 0,085 G;SHE PCH;85 G;FI ATUM MARINADO;Nacional;10280813;SHEBA SCH FIL ATUM MARI 2X20X85G RE23;7896029017661;050203030105;97816;R$ 5,49
CAT PCH;SHE PCH 0,085 G;SHE PCH;85 G;FI CARNE MOLHO;Nacional;10280814;SHEBA SCH FIL CARNE MOLHO 2X20X85G RE23;7896029017678;050203030106;97815;R$ 5,49
CAT PCH;WHI PCH 0,085 KG;WHI PCH;85 G;FRANGO;Nacional;10277851;WHI SACHE AD FRANGO MOLHO 2X20X85G RE23;7896029046173;050203061918;98540;R$ 3,69
CAT PCH;WHI PCH 0,085 KG;WHI PCH;85 G;CORDEIRO;Nacional;10277858;WHI SACHE AD CORD MOLHO 2X20X85G RE23;7896029046197;050203061990;98602;R$ 3,69
CAT PCH;WHI PCH 0,085 KG;WHI PCH;85 G;SALMON;Nacional;10277879;WHI SACHE AD SALMAO MOLHO 2X20X85G RE23;7896029046296;050203061934;97741;R$ 3,69
CAT PCH;WHI PCH 0,085 KG;WHI PCH;85 G;ATUM;Nacional;10277880;WHI SACHE AD ATUM MOLHO 2X20X85G RE23;7896029046562;050203061930;98509;R$ 3,69
CAT PCH;WHI PCH 0,085 KG;WHI PCH;85 G;CARNE;Nacional;10277881;WHI SACHE AD CARNE MOLHO 2X20X85G RE23;7896029046609;050203061908;98508;R$ 3,69
CAT PCH;WHI PCH 0,085 KG;WHI PCH;85 G;FILHOTES CARNE;Nacional;10277883;WHI SACHE FIL CARNE MOLHO 2X20X85G RE23;7896029047101;050203061916;98537;R$ 3,69
CAT PCH;WHI PCH 0,085 KG;WHI PCH;85 G;FILHOTES FRANGO;Nacional;10277884;WHI SACHE FIL FRANGO MOLHO 2X20X85G RE23;7896029047279;050203061917;98541;R$ 3,69
CAT PCH;WHI PCH 0,085 KG;WHI PCH;85 G;PEIXE;Nacional;10277887;WHI SACHE AD PEIXE JELLY 2X20X85G RE23;7896029046593;050203061991;98517;R$ 3,69
CAT PCH;WHI PCH 0,085 KG;WHI PCH;85 G;CARNE;Nacional;10277888;WHI SACHE AD CARNE JELLY 2X20X85G RE23;7896029046616;050203061908;97725;R$ 3,69
CAT PCH;WHI PCH 0,085 KG;WHI PCH;85 G;CASTRADO PEIXE;Nacional;10277891;WHI SACHE CAST PEIXE 2X20X85G RE23;7896029046555;050203061924;97742;R$ 3,69
CAT PCH;WHI PCH 0,085 KG;WHI PCH;85 G;CASTRADO CARNE;Nacional;10277892;WHI SACHE CAST CARNE 2X20X85G RE23;7896029046623;050203061923;98496;R$ 3,69
CAT PCH;WHI PCH 0,085 KG;WHI PCH;85 G;CARNE;Nacional;10279257;BB MPK WHI AD CAR 4X8X85G L8P7 RE23;7896029071397;050203061908;99023;R$ 25,84
CAT PCH;WHI PCH 0,085 KG;WHI PCH;85 G;CARNE;Nacional;10279258;BB MPK WHI AD CAR 2X12X85G L12P10 RE23;7896029047484;050203061908;97747;R$ 36,96
CAT PCH;WHI PCH 0,085 KG;WHI PCH;85 G;FRANGO;Nacional;10404863;BB WHI SCH FRG 2X20X85G L20P16 24;7896029046760;050203061918;99509;R$ 59,00
CAT PCH;WHI PCH 0,085 KG;WHI PCH;85 G;CARNE;Nacional;10404865;BB WHI SCH CAR 2X20X85G L20P16 24;7896029046777;050203061908;99510;R$ 59,00
CAT SCKS;DREAMIES SCKS 0,04 KG;DREAMIES;40 G;CARNE;Nacional;10256060;DREAMIES CARNE 2X22X40G 2022;7896029028414;050204040301;97347;R$ 7,90
CAT SCKS;DREAMIES SCKS 0,04 KG;DREAMIES;40 G;QUEIJO;Nacional;10256104;DREAMIES QUEIJO 2X22X40G 2022;7896029028636;050204040303;99162;R$ 7,90
CAT SCKS;DREAMIES SCKS 0,04 KG;DREAMIES;40 G;FRANGO;Nacional;10256105;DREAMIES FRANGO 2X22X40G 2022;7896029028438;050204040302;99163;R$ 7,90
CAT SCKS;DREAMIES SCKS 0,04 KG;DREAMIES;40 G;SALMÃO;Nacional;10256106;DREAMIES SALMAO 2X22X40G 2022;7896029021569;050204040304;99164;R$ 7,90
CAT SCKS;DREAMIES SCKS 0,08 KG;DREAMIES;80 G;CARNE;Nacional;10256109;DREAMIES CARNE 34X80G 2022;7896029021743;050204040501;99165;R$ 13,59
CAT SCKS;DREAMIES SCKS 0,08 KG;DREAMIES;80 G;SALMÃO;Nacional;10256111;DREAMIES SALMAO 34X80G 2022;7896029021750;050204040504;99166;R$ 13,59
CAT SCKS;DREAMIES SCKS 0,15 KG;DREAMIES;150 G;CARNE;Nacional;10256113;DREAMIES CARNE 36X150G 2022;7896029021767;050204040601;99167;R$ 21,90
CAT SCKS;OPT CAT SCKS 0,008G;OPT CAT SCKS;80 G;ANTI BOLA PELO;Nacional;60010069;OPT CAT C&T ANTI BOLA PELO 34X80G 2025;7896029047378;050204010101;99802;R$ 9,90
CAT SCKS;OPT CAT SCKS 0,008G;OPT CAT SCKS;80 G;PELE & PELO;Nacional;60010070;OPT CAT C&T PELE & PELO 34X80G 2025;7896029047392;050204010102;99803;R$ 9,90
CAT SCKS;SHEBA CREAMY 0,024 KG;SHE SCKS;24 G;FRANGO E SALSA;Importação;10407540;SHE CRE FGO&SAL 4X12X2X12G 25-2;7896029046883;050204050104;99831;R$ 14,99
CAT SCKS;SHEBA CREAMY 0,024 KG;SHE SCKS;24 G;ATUM;Importação;60000349;SHE CRE ATUM 4X12X2X12G 25;7896029046784;050204050101;99742;R$ 14,99
CAT SCKS;SHEBA CREAMY 0,048 KG;SHE SCKS;48 G;FRANGO E CAMARÃO;Importação;10407454;SHE CRE AT&SAL + FGO&CAM 2X12X4X12G 25-2;7896029046869;050204050205;99830;R$ 19,90
CAT SCKS;SHEBA CREAMY 0,048 KG;SHE SCKS;48 G;ATUM;Importação;60000378;SHE CRE ATUM 2X12X4X12G 25;7896029046807;050204050201;99743;R$ 19,90
CAT SCKS;SHEBA CREAMY 0,048 KG;SHE SCKS;48 G;ATUM E CAMARÃO;Importação;60000392;SHE CRE ATUM & AT&CAM 2X12X4X12G 25;7896029046821;050204050202;99744;R$ 19,90
CAT SCKS;SHEBA CREAMY 0,048 KG;SHE SCKS;48 G;FRANGO E PEIXE;Importação;60000396;SHE CRE FRG & FRG&PE 2X12X4X12G 25;7896029046845;050204050203;99745;R$ 19,90
CAT SCKS;WHI TEMPT SCKS 0,04 KG;WHI SCKS;40 G;PELO SAUDAVEL;Nacional;10256115;WHI TEMP PELO SAUDAVEL 24X40G 2022;7896029021781;050204030304;99168;R$ 11,90
CAT SCKS;WHI TEMPT SCKS 0,04 KG;WHI SCKS;40 G;ANTI BOLAPELO;Nacional;10256117;WHI TEMP ANTI BOLAPELO 24X40G 2022;7896029021798;050204030305;99169;R$ 11,90
CAT SCKS;WHI TEMPT SCKS 0,08 KG;WHI SCKS;80 G;ANTI BOLAPELO;Nacional;10256119;WHI TEMP ANTI BOLAPELO 34X80G 2022;7896029021804;050204030105;99170;R$ 19,90
DOG CAN;PED CAN 0,28 KG;PED CAN;280 G;FILHOTES;Nacional;10285543;PED LATA FIL CARNE&FGO PATE 24X280G RE24;7896029079522;050102020814;98713;R$ 15,39
DOG CAN;PED CAN 0,28 KG;PED CAN;280 G;CARNE;Nacional;10285551;PED LATA AD CARNE PATE 24X280G RE24;7896029079508;050102020808;98712;R$ 15,39
DOG CAN;PED CAN 0,28 KG;PED CAN;280 G;FRANGO;Nacional;10285563;PED LATA AD FRANGO PATE 24X280G RE24;7896029079546;050102020817;98714;R$ 15,39
DOG CAN;PED CAN 0,29 KG;PED CAN;290 G;CARNE AO MOLHO;Nacional;10285547;PED LATA AD CARNE CIG 24X290G RE24;7896029079560;050102020908;98710;R$ 15,39
DOG CAN;PED CAN 0,29 KG;PED CAN;290 G;FRANGO AO MOLHO;Nacional;10285561;PED LATA AD FRANGO CIG 24X290G RE24;7896029025963;050102020918;97300;R$ 15,39
DOG DRY;CHAMP DRY 0,9 KG CORE;CHAMP DR;900 G;CARNE & CEREAL;Nacional;10279185;CHAMP DRY AD CARNE & CEREAL 10X900G RE23;7896029082348;050101070601;98985;R$ 11,90
DOG DRY;CHAMP DRY 0,9 KG CORE;CHAMP DR;900 G;FILHOTES;Nacional;10279187;CHAMP DRY FILHOTE 10X900G RE23;7896029082362;050101070614;98980;R$ 11,90
DOG DRY;CHAMP DRY 15 KG CORE;CHAMP DR;15 KG;CARNE & CEREAL;Nacional;10280810;CHAMP DRY AD CARNE & CEREAL 15KG RE23;7896029074633;050101070501;97400;R$ 142,90
DOG DRY;OPT DOG DRY 1 KG CORE;OPT DOG DRY;1 KG;FILHOTES R PEQ&MINIS FRANGO&ARROZ;Nacional;10401093;OPT DRY DOG FIL RPM FGO&ARZ 10X1KG RE24;7896029037041;050101030101;97844;R$ 27,50
DOG DRY;OPT DOG DRY 1 KG CORE;OPT DOG DRY;1 KG;ADULTOS R PEQ&MINIS FRANGO&ARROZ;Nacional;10401110;OPT DRY DOG AD RPM FGO&ARZ 10X1KG RE24;7896029037317;050101030103;97838;R$ 27,50
DOG DRY;OPT DOG DRY 20 KG CORE;OPT DOG DRY;20 KG;ADULTOS R PEQ&MINIS FRANGO&ARROZ;Nacional;10401153;OPT DRY DOG AD RPM FGO&ARZ 1X20KG RE24;7896029067727;050101030503;97840;R$ 292,49
DOG DRY;OPT DOG DRY 3 KG CORE;OPT DOG DRY;3 KG;FILHOTES R PEQ&MINIS FRANGO&ARROZ;Nacional;10401112;OPT DRY DOG FIL RPM FGO&ARZ 6X3KG RE24;7896029037034;050101030201;97845;R$ 68,50
DOG DRY;OPT DOG DRY 3 KG CORE;OPT DOG DRY;3 KG;ADULTOS R MED&GDE FRANGO&ARROZ;Nacional;10401116;OPT DRY DOG AD RMG FGO&ARZ 6X3KG RE24;7896029038598;050101030204;97837;R$ 68,50
DOG DRY;OPT DOG DRY 3 KG CORE;OPT DOG DRY;3 KG;ADULTOS R PEQ&MINIS FRANGO&ARROZ;Nacional;10401121;OPT DRY DOG AD RPM FGO&ARZ 6X3KG RE24;7896029037010;050101030203;97841;R$ 68,50
DOG DRY;OPT DOG DRY 3 KG CORE;OPT DOG DRY;3 KG;FILHOTES R MED&GDE FRANGO&ARROZ;Nacional;10401122;OPT DRY DOG FIL RMG FGO&ARZ 6X3KG RE24;7896029038536;050101030202;97843;R$ 68,50
DOG DRY;PED DRY 0,9 KG CORE;PED DRY;900 G;FIL RPEQ;Nacional;10286182;PED DRY FIL 10X900G RE24;7896029083482;050101015528;98931;R$ 19,90
DOG DRY;PED DRY 0,9 KG CORE;PED DRY;900 G;AD RAÇAS PEQUENAS;Nacional;10286192;PED DRY AD RP 10X900G RE24;7896029082447;050101015527;98912;R$ 19,90
DOG DRY;PED DRY 0,9 KG CORE;PED DRY;900 G;CARNE&VEGETAIS;Nacional;10286209;PED DRY AD CARNE&VEG 10X900G RE24;7896029082416;050101015506;98915;R$ 19,90
DOG DRY;PED DRY 0,9 KG CORE;PED DRY;900 G;CARNE&FRANGO;Nacional;10286211;PED DRY AD CARNE&FRANGO 10X900G RE24;7896029083505;050101015503;98934;R$ 19,90
DOG DRY;PED DRY 10,1 KG CORE;PED DRY;10,1 KG;CF&C;Nacional;10253339;PEDIGREE DRY AD CARNE&FRANGO 10,1KG 2022;7896029075708;050101010303;97071;R$ 199,90
DOG DRY;PED DRY 10,1 KG CORE;PED DRY;10,1 KG;R PEQ;Nacional;10286163;PED DRY AD RP 1X10,1KG RE24;7896029069134;050101010327;99017;R$ 199,90
DOG DRY;PED DRY 10,1 KG CORE;PED DRY;10,1 KG;C&V;Nacional;10286169;PED DRY AD CARNE&VEG 1X10,1KG RE24;7896029068328;050101010306;97074;R$ 199,90
DOG DRY;PED DRY 10,1 KG CORE;PED DRY;10,1 KG;JUNIOR;Nacional;10286172;PED DRY FIL 1X10,1KG RE24;7896029006634;050101010314;97309;R$ 199,90
DOG DRY;PED DRY 15 KG CORE;PED DRY;15 KG;R PEQ;Nacional;10286151;PED DRY AD RP 1X15KG RE24;7896029069172;050101010527;98910;R$ 254,25
DOG DRY;PED DRY 15 KG CORE;PED DRY;15 KG;CF&C;Nacional;10286165;PED DRY AD CARNE&FRANGO 1X15KG RE24;7896029075715;050101010503;98932;R$ 254,25
DOG DRY;PED DRY 15 KG CORE;PED DRY;15 KG;C&V;Nacional;10286170;PED DRY AD CARNE&VEG 1X15KG RE24;7896029064344;050101010506;98913;R$ 254,25
DOG DRY;PED DRY 15 KG CORE;PED DRY;15 KG;JUNIOR;Nacional;10286174;PED DRY FIL 1X15KG RE24;7896029006672;050101010514;97307;R$ 254,25
DOG DRY;PED DRY 2,7 KG CORE;PED DRY;2,7 KG;C&V;Nacional;10286179;PED DRY AD CARNE&VEG 6X2,7KG RE24;7896029082430;050101010406;98914;R$ 54,90
DOG DRY;PED DRY 2,7 KG CORE;PED DRY;2,7 KG;R PEQ;Nacional;10286185;PED DRY AD RP 6X2,7KG RE24;7896029082287;050101010427;98911;R$ 54,90
DOG DRY;PED DRY 2,7 KG CORE;PED DRY;2,7 KG;JUNIOR;Nacional;10286187;PED DRY FIL 6X2,7KG RE24;7896029083499;050101010414;98930;R$ 54,90
DOG DRY;PED DRY 2,7 KG CORE;PED DRY;2,7 KG;CARNE&FRANGO;Nacional;10286190;PED DRY AD CARNE&FRANGO 6X2,7KG RE24;7896029083512;050101010403;98933;R$ 54,90
DOG DRY;PED DRY 20 KG CORE;PED DRY;20 KG;JUNIOR;Nacional;10286175;PED DRY FIL 1X20KG RE24;7896029006641;050101015014;97308;R$ 339,00
DOG DRY;PED HP DRY 2,7 KG;PED HP DRY;2,7 KG;CARNE E FRANGO;Nacional;10254565;PEDIGREE DRY AD HIGH PRO 6X2,7KG 2023;7896029007778;050101080402;99207;R$ 78,90
DOG DRY;PED NE DRY 0,9 KG CARNE;PED NE;900 G;NESSENCIAL AO LEITE;Nacional;60001889;PED NE DRY AD AO LEITE 10X900G RE25;7896029081112;050101290750;98989;R$ 15,90
DOG DRY;PED NE DRY 0,9 KG CARNE;PED NE;900 G;NESSENCIAL;Nacional;60001895;PED NE DRY AD CARNE 10X900G RE25;7896029087336;050101290730;98982;R$ 15,90
DOG DRY;PED NE DRY 15 KG CARNE;PED NE;15 KG;NESSENCIAL AO LEITE;Nacional;60001890;PED NE DRY AD AO LEITE 15KG RE25;7896029018415;050101290550;99044;R$ 227,21
DOG DRY;PED NE DRY 15 KG CARNE;PED NE;15 KG;NESSENCIAL;Nacional;60001897;PED NE DRY AD CARNE 15KG RE25;7896029065440;050101290530;98718;R$ 227,21
DOG PCH;CES PCH 0,085 KG;CES PCH;85 G;AD CARNE MOLHO;Nacional;10215638;CESAR SCH AD CARNE ASSADA 2X20X85G RE;7896029017586;050105300101;97817;R$ 5,49
DOG PCH;CES PCH 0,085 KG;CES PCH;85 G;AD CORD MOLHO;Nacional;10215640;CESAR SCH AD CORDEIRO ASSADO 2X20X85G RE;7896029017623;050105300102;97820;R$ 5,49
DOG PCH;CES PCH 0,085 KG;CES PCH;85 G;AD FILE MIGNON;Nacional;10215642;CESAR SCH AD FILET MIGNON MO 2X20X85G RE;7896029017593;050105300103;97819;R$ 5,49
DOG PCH;CES PCH 0,085 KG;CES PCH;85 G;AD FRANGO MOLHO;Nacional;10215664;CESAR SCH AD FRANGO MARINADO 2X20X85G RE;7896029017609;050105300104;97818;R$ 5,49
DOG PCH;CHAMP PCH 0,085 KG;CHAMP PCH;85 G;FIL FRANGO;Nacional;10250028;CHAMP SCH FILHOTE FRANGO 2X20X85G 2023;7896029056387;050105400310;99190;R$ 2,99
DOG PCH;CHAMP PCH 0,085 KG;CHAMP PCH;85 G;AD CARNE;Nacional;10250029;CHAMP SCH ADULTO CARNE 2X20X85G 2023;7896029056394;050105400330;99191;R$ 2,99
DOG PCH;CHAMP PCH 0,085 KG;CHAMP PCH;85 G;AD FRANGO;Nacional;10250030;CHAMP SCH ADULTO FRANGO 2X20X85G 2023;7896029056400;050105400320;99192;R$ 2,99
DOG PCH;OPT DOG PCH 0,1 KG;OPT DOG PCH;100 G;R PEQ&MINIS CARNE;Nacional;10284034;OPT DOG SACHE AD RP&M CARNE 2X18X100G 24;7896029046166;050105200116;99445;R$ 3,90
DOG PCH;OPT DOG PCH 0,1 KG;OPT DOG PCH;100 G;R GR CARNE;Nacional;10284039;OPT DOG SACHE AD RG CARNE 2X18X100 24;7896029046289;050105200120;99446;R$ 3,90
DOG PCH;OPT DOG PCH 0,1 KG;OPT DOG PCH;100 G;ADULTOS FRANGO;Nacional;10401139;OPT DOG SACHE AD FRANGO 2X18X100G RE24;7896029017906;050105200109;97614;R$ 3,90
DOG PCH;OPT DOG PCH 0,1 KG;OPT DOG PCH;100 G;FILHOTES FRANGO;Nacional;10401140;OPT DOG SACHE FIL FRANGO 2X18X100G RE24;7896029016596;050105200102;97613;R$ 3,90
DOG PCH;OPT DOG PCH 0,1 KG;OPT DOG PCH;100 G;R PEQ&MINIS FRANGO;Nacional;10401141;OPT DOG SACHE AD RP&M FGO 2X18X100G 24;7896029017210;050105200106;98581;R$ 3,90
DOG PCH;OPT DOG PCH 0,1 KG;OPT DOG PCH;100 G;R PEQ&MINIS FRANGO;Nacional;10254609;BB OPT SCH DOG AD RPM FGO L8P7 2022;7896029009789;050105200106;98955;R$ 27,28
DOG PCH;PED HP PCH 0,085 KG;PED HP PCH;85 G;CARNE E FRANGO;Nacional;10254555;PED SCH AD HP CARNE FRANGO 2X20X85G 2022;7896029082027;050105110202;99046;R$ 3,79
DOG PCH;PED HP PCH 0,085 KG;PED HP PCH;85 G;PORCO E CARNE;Nacional;10254558;PED SCH AD HP PORCO CARNE 2X20X85G 2022;7896029082034;050105110203;99047;R$ 3,79
DOG PCH;PED PCH 0,1 KG;PED PCH;100 G;R PEQ CORDEIRO;Nacional;10285635;PED SCH AD RP CORD MOL 2X18X100G RE24;7896029022276;050105100104;97721;R$ 3,79
DOG PCH;PED PCH 0,1 KG;PED PCH;100 G;R PEQ FRANGO;Nacional;10285640;PED SCH AD RP FGO MOL 2X18X100G RE24;7896029022269;050105100105;97724;R$ 3,79
DOG PCH;PED PCH 0,1 KG;PED PCH;100 G;R PEQ CARNE;Nacional;10285643;PED SCH AD RP CARNE MOL 2X18X100G RE24;7896029022245;050105100107;97301;R$ 3,79
DOG PCH;PED PCH 0,1 KG;PED PCH;100 G;FILHOTE FRANGO;Nacional;10285646;PED SCH FILHO FGO MOL 2X18X100G RE24;7896029022252;050105100102;97720;R$ 3,79
DOG PCH;PED PCH 0,1 KG;PED PCH;100 G;SENIOR CARNE;Nacional;10286096;PED SCH SEN CARNE MOLHO 2X18X100G RE24;7896029014981;050105100101;98596;R$ 3,79
DOG PCH;PED PCH 0,1 KG;PED PCH;100 G;FILHOTE CARNE;Nacional;10286099;PED SCH FILHO CARNE MOL 2X18X100G RE24;7896029015001;050105100103;98597;R$ 3,79
DOG PCH;PED PCH 0,1 KG;PED PCH;100 G;RMG CARNE;Nacional;10286102;PED SCH AD RM CARNE MOL 2X18X100G RE24;7896029018958;050105100109;98591;R$ 3,79
DOG PCH;PED PCH 0,1 KG;PED PCH;100 G;FRANGO;Nacional;10286105;PED SCH AD RM FGO MOL 2X18X100G RE24;7896029019009;050105100132;98598;R$ 3,79
DOG PCH;PED PCH 0,1 KG;PED PCH;100 G;R PEQ CARNE;Nacional;10286137;BB PED SCH AD RP CAR 4X8X100G L8P7 RE24;7896029071410;050105100107;99034;R$ 26,56
DOG PCH;PED PCH 0,1 KG;PED PCH;100 G;R PEQ CARNE;Nacional;10286139;BB PED SCH RP CAR 2X12X100G L12P10 RE24;7896029002025;050105100107;97500;R$ 37,92
DOG PCH;PED PCH 0,1 KG;PED PCH;100 G;R PEQ FRANGO;Nacional;10286141;BB PED SCH RP FRG 2X12X100G L12P10 RE24;7896029046050;050105100105;99283;R$ 37,92
DOG PCH;PED PCH 0,1 KG;PED PCH;100 G;R PEQ CARNE;Nacional;10404859;BB PED SCH RP CAR 2X18X100G L18P15 24;7896029046746;050105100107;99507;R$ 56,88
DOG PCH;PED PCH 0,1 KG;PED PCH;100 G;R PEQ FRANGO;Nacional;10404861;BB PED SCH RP FRG 2X18X100G L18P15 24;7896029046753;050105100105;99508;R$ 56,88
DOG SCKS;OPT DOG SCKS 0,008G;OPT DOG SCKS;80 G;SIS IMUN;Nacional;60010012;OPT DOG C&T SIS IMUN 34X80G 2025;7896029047354;050104010101;99800;R$ 8,90
DOG SCKS;OPT DOG SCKS 0,008G;OPT DOG SCKS;80 G;PELE & PELO;Nacional;60010014;OPT DOG C&T PELE & PELO 34X80G 2025;7896029047361;050104010102;99801;R$ 8,90
DOG SCKS;PED DTX SCKS 0,045 KG;PED DTX;45 G;DENTASTICS;Importação;10229969;PED DENTASTIX R PEQ 3 STICKS 18X45G PH1;7896029052327;050104120401;99320;R$ 11,90
DOG SCKS;PED DTX SCKS 0,077 KG;PED DTX;77 G;DENTASTICS;Importação;10229971;PED DENTASTIX R MED 3 STICKS 18X77G PH1;7896029052341;050104120601;99323;R$ 13,90
DOG SCKS;PED DTX SCKS 0,11 KG;PED DTX;110 G;DENTASTICS;Importação;10229970;PED DENTASTIX R PEQ 7STICKS 10X110G PH1;7896029052334;050104120801;99321;R$ 20,90
DOG SCKS;PED DTX SCKS 0,18 KG;PED DTX;180 G;DENTASTICS;Importação;10229972;PED DENTASTIX R MED 7STICKS 10X180G PH1;7896029052358;050104128101;99324;R$ 27,50
DOG SCKS;PED DTX SCKS 0,27 KG;PED DTX;270 G;DENTASTICS;Importação;10229983;PED DENTASTIX R GDE 7STICKS 10X270G PH1;7896029052365;050104120701;99325;R$ 33,50
DOG SCKS;PED BISCROK SCKS 0,15 KG;PED SCKS;150 G;RP;Nacional;60010016;PED BISCROK AD RP 32X150G 2025;7896029089620;050104030330;99310;R$ 10,90
DOG SCKS;PED BISCROK SCKS 0,3 KG;PED SCKS;300 G;BISCROK;Nacional;60010089;PED BISCROK FILHOTES 24X300G 2025;7896029041949;050104030918;99309;R$ 21,90
DOG SCKS;PED BISCROK SCKS 0,5 KG;PED SCKS;500 G;MINI;Nacional;60010037;PED BISCROK AD R PEQ 22X500G 2025;7896029043387;050104031618;99311;R$ 27,50
DOG SCKS;PED BISCROK SCKS 0,5 KG;PED SCKS;500 G;MAXI;Nacional;60010039;PED BISCROK AD R GDE 22X500G 2025;7896029043271;050104031688;99313;R$ 27,50
DOG SCKS;PED BISCROK SCKS 0,5 KG;PED SCKS;500 G;MULTI;Nacional;60010100;PED BISCROK AD MULTI 22X500G 2025;7896029041932;050104031620;99315;R$ 27,50
DOG SCKS;PED BISCROK SCKS 0,5 KG;PED SCKS;500 G;R PEQ BANANA;Nacional;60010120;PED BISCROK AD R PEQ BANANA 22X500G 2025;7896029047408;050104031603;99798;R$ 27,50
DOG SCKS;PED BISCROK SCKS 0,5 KG;PED SCKS;500 G;R PEQ MACA;Nacional;60010122;PED BISCROK AD R PEQ MACA 22X500G 2025;7896029047415;050104031602;99799;R$ 27,50
DOG SCKS;PED BISCROK SCKS 1 KG;PED SCKS;1 KG;MAXI;Nacional;60010102;PED BISCROK AD R GDE 10X1KG 2025;7896029041994;050104030188;99314;R$ 38,90
DOG SCKS;PED BISCROK SCKS 1 KG;PED SCKS;1 KG;MINI;Nacional;60010104;PED BISCROK AD R PEQ 10X1KG 2025;7896029041970;050104030118;99312;R$ 38,90
DOG SCKS;PED BISCROK SCKS 1 KG;PED SCKS;1 KG;MULTI;Nacional;60010106;PED BISCROK AD MULTI 10X1KG 2025;7896029041956;050104030120;99316;R$ 38,90
DOG SCKS;PED FILEZITOS 60G;PED FILEZITOS;60 G;CARNE;Nacional;10407636;PED FILEZITOS AD CARNE 20X60G;7896029046906;050104030201;99954;R$ 6,49
DOG SCKS;PED FILEZITOS 60G;PED FILEZITOS;60 G;CHURRASCO;Nacional;10407638;PED FILEZITOS AD CHURRASCO 20X60G;7896029046913;050104030203;99955;R$ 6,49
DOG SCKS;PED FILEZITOS 60G;PED FILEZITOS;60 G;FRANGO;Nacional;10407640;PED FILEZITOS AD FRANGO 20X60G;7896029046920;050104030202;99956;R$ 6,49
DOG SCKS;PED MARROBONE SCKS 0,2 KG;PED SCKS;200 G;MARROBONE;Nacional;60010111;PED MARROBONE 24X200G 2025;7896029043394;050104036801;97097;R$ 19,90
DOG SCKS;PED MARROBONE SCKS 0,5 KG;PED SCKS;500 G;MARROBONE;Nacional;60010108;PED MARROBONE 26X500G 2025;7896029041963;050104031601;97061;R$ 27,50
DOG SCKS;PED TASTY BITES SCKS 0,04 KG;PED SCKS;40 G;CARNE;Nacional;10280876;PED TASTY BITES CARNE 2X22X40G 2024;7896029046142;050104034001;99776;R$ 5,90
DOG SCKS;PED TASTY BITES SCKS 0,08 KG;PED SCKS;80 G;CARNE;Nacional;10280847;PED TASTY BITES CARNE 34X80G 2024;7896029046111;050104031101;99773;R$ 9,90
DOG SCKS;PED TASTY BITES SCKS 0,08 KG;PED SCKS;80 G;FRANGO;Nacional;10280849;PED TASTY BITES FRANGO 34X80G 2024;7896029046128;050104031102;99774;R$ 9,90
DOG SCKS;PED TASTY BITES SCKS 0,08 KG;PED SCKS;80 G;LEITE;Nacional;10280852;PED TASTY BITES LEITE 34X80G 2024;7896029046135;050104031103;99775;R$ 9,90
DOG SCKS;PED TASTY BITES SCKS 0,13 KG;PED SCKS;130 G;CARNE;Nacional;10280878;PED TASTY BITES CARNE 36X130G 2024;7896029046159;050104036001;99777;R$ 13,90
DOG DRY;PED BS DRY 0,9 KG;PED BS DRY;900 G;AD RP PERU;Nacional;60011049;PED DRY BS AD RP PERU 10X900G 2025;7896029047422;050101110101;99953;R$ 22,90
DOG DRY;PED BS DRY 0,9 KG;PED BS DRY;900 G;AD RP SALMAO;Nacional;60011101;PED DRY BS AD RP SALMAO 10X900G 2025;7896029047439;050101110102;99951;R$ 22,90
DOG DRY;PED BS DRY 2,7 KG;PED BS DRY;2,7 KG;AD RP PERU;Nacional;60011103;PED DRY BS AD RP PERU 6X2,7KG 2025;7896029047453;050101110201;99952;R$ 62,59
DOG DRY;PED BS DRY 2,7 KG;PED BS DRY;2,7 KG;AD RP SALMAO;Nacional;60011036;PED DRY BS AD RP SALMAO 6X2,7KG 2025;7896029047491;050101110202;99950;R$ 62,59
DOG SCKS;PED FILEZITOS 400G;PED FILEZITOS;400 G;CHURRASCO;Nacional;60024804;PED FILEZITOS AD CHURRASCO 16X400G;7896029047996;050104031201;100051;R$ 34,90
