;;;;;PRODUTO;EAN;CÓDIGO;PREÇO RECOMENDADO
CAT CAN;WHI CAN 0,29 KG;ATUM;Nacional;10277808;WHISKAS LATA ATUM 24X290G RE23;7,90E+12;97283;15,39
CAT CAN;WHI CAN 0,29 KG;PEIXE;Nacional;10277809;WHISKAS LATA PEIXE 24X290G RE23;7,90E+12;97288;15,39
CAT CAN;WHI CAN 0,29 KG;CARNE;Nacional;10277811;WHISKAS LATA CARNE 24X290G RE23;7,90E+12;97285;15,39
CAT CAN;WHI CAN 0,29 KG;FRANGO;Nacional;10277813;WHISKAS LATA FRANGO 24X290G RE23;7,90E+12;97287;15,39
CAT DRY;KITEKAT DRY 0,9 KG CORE;MIX DE CARNES;Nacional;10238739;KITEKAT DRY AD MIX DE CARNES 10X900G;7,90E+12;98679;11,9
CAT DRY;KITEKAT DRY 20 KG CORE;MIX DE CARNES;Nacional;10238736;KITEKAT DRY AD MIX DE CARNES 20KG;7,90E+12;97343;329,99
CAT DRY;OPT CAT DRY 1 KG CORE;ADULTOS FRANGO;Nacional;10401113;OPT DRY CAT AD FRANGO 10X1KG RE24;7,90E+12;97831;31,59
CAT DRY;OPT CAT DRY 1 KG CORE;CASTRADOS CARNE;Nacional;10401118;OPT DRY CAT AD CAST CARNE 10X1KG RE24;7,90E+12;97825;31,59
CAT DRY;OPT CAT DRY 1 KG CORE;ADULTOS CARNE;Nacional;10401119;OPT DRY CAT AD CARNE 10X1KG RE24;7,90E+12;97823;31,59
CAT DRY;OPT CAT DRY 1 KG CORE;CASTRADOS FRANGO;Nacional;10401123;OPT DRY CAT AD CAST FRANGO 10X1KG RE24;7,90E+12;97828;31,59
CAT DRY;OPT CAT DRY 10,1 KG CORE;ADULTOS FRANGO;Nacional;10401156;OPT DRY CAT AD FRANGO 1X10,1KG RE24;7,90E+12;97832;189,9
CAT DRY;OPT CAT DRY 10,1 KG CORE;CASTRADOS FRANGO;Nacional;10401157;OPT DRY CAT AD CAST FRANGO 1X10,1KG RE24;7,90E+12;97829;189,9
CAT DRY;OPT CAT DRY 3 KG CORE;ADULTOS FRANGO;Nacional;10401109;OPT DRY CAT AD FRANGO 6X3KG RE24;7,90E+12;97833;76,9
CAT DRY;OPT CAT DRY 3 KG CORE;FILHOTES FRANGO;Nacional;10401111;OPT DRY CAT FIL FRANGO 6X3KG RE24;7,90E+12;97835;76,9
CAT DRY;OPT CAT DRY 3 KG CORE;CASTRADOS FRANGO;Nacional;10401114;OPT DRY CAT AD CAST FRANGO 6X3KG RE24;7,90E+12;97830;76,9
CAT DRY;OPT CAT DRY 3 KG CORE;ADULTOS CARNE;Nacional;10401120;OPT DRY CAT AD CARNE 6X3KG RE24;7,90E+12;97824;76,9
CAT DRY;WHI DRY 0,9 KG CORE;CARNE;Nacional;10254501;WHI DRY GATO CAST CARNE 10X900G 2022;7,90E+12;98902;21,9
CAT DRY;WHI DRY 0,9 KG CORE;PEIXE;Nacional;10254514;WHI DRY GATOS CAST PEIXE 10X900G 2022;7,90E+12;98946;21,9
CAT DRY;WHI DRY 10,1 KG CORE;PEIXE;Nacional;10254518;WHI DRY GATOS CAST PEIXE 1X10,1KG 2022;7,90E+12;98947;213,74
CAT DRY;WHI DRY 10,1 KG CORE;CARNE;Nacional;10254520;WHI DRY GATO CAST CARNE 1X10,1KG 2022;7,90E+12;98904;213,74
CAT DRY;WHI DRY 2,7 KG CORE;CARNE;Nacional;10254470;WHI DRY GATO CAST CARNE 6X2,7KG 2022;7,90E+12;98901;59,9
CAT DRY;WHI DRY 2,7 KG CORE;PEIXE;Nacional;10254516;WHI DRY GATOS CAST PEIXE 6X2,7KG 2022;7,90E+12;98948;59,9
CAT DRY;WHI DRY 0,5 KG CORE;FILHOTES;Nacional;10254521;WHI DRY FILHOTE CARNE 20X500G 2022;7,90E+12;98944;15,9
CAT DRY;WHI DRY 0,5 KG CORE;PEIXE;Nacional;10254532;WHI DRY AD PEIXE 20X500G 2022;7,90E+12;98937;15,9
CAT DRY;WHI DRY 0,5 KG CORE;CARNE;Nacional;10254546;WHI DRY AD CARNE 20X500G 2022;7,90E+12;98899;15,9
CAT DRY;WHI DRY 0,9 KG CORE;CARNE;Nacional;10254483;WHI DRY AD CARNE 10X900G 2022;7,90E+12;98898;21,9
CAT DRY;WHI DRY 0,9 KG CORE;FRANGO;Nacional;10254487;WHI DRY AD FRANGO 900G 2022;7,90E+12;98936;21,9
CAT DRY;WHI DRY 0,9 KG CORE;AD PEIXE;Nacional;10254487;WHI DRY AD PEIXE 10X900G 2022;7,90E+12;98936;21,9
CAT DRY;WHI DRY 0,9 KG CORE;FILHOTE CARNE;Nacional;10254497;WHI DRY FILHOTE CARNE 10X900G 2022;7,90E+12;98942;21,9
CAT DRY;WHI DRY 10,1 KG CORE;FILHOTES;Nacional;10254531;WHI DRY FILHOTE CARNE 1X10,1KG 2022;7,90E+12;98945;213,74
CAT DRY;WHI DRY 10,1 KG CORE;PEIXE;Nacional;10254543;WHI DRY AD PEIXE 1X10,1KG 2022;7,90E+12;98938;213,74
CAT DRY;WHI DRY 10,1 KG CORE;MIX DE CARNE;Nacional;10254544;WHI DRY AD MIX DE CARNES 1X10,1KG 2022;7,90E+12;98906;213,74
CAT DRY;WHI DRY 10,1 KG CORE;FRANGO;Nacional;10254545;WHI DRY AD FRANGO 1X10,1KG 2022;7,90E+12;98940;213,74
CAT DRY;WHI DRY 10,1 KG CORE;CARNE;Nacional;10254547;WHI DRY AD CARNE 1X10,1KG 2022;7,90E+12;98900;213,74
CAT DRY;WHI DRY 2,7 KG CORE;AD CARNE;Nacional;10254466;WHI DRY AD CARNE 6X2,7KG 2022;7,90E+12;98897;59,9
CAT DRY;WHI DRY 2,7 KG CORE;MIX DE CARNES;Nacional;10254472;WHI DRY AD MIX DE CARNES 6X2,7KG 2022;7,90E+12;98905;59,9
CAT DRY;WHI DRY 2,7 KG CORE;AD PEIXE;Nacional;10254485;WHI DRY AD PEIXE 6X2,7KG 2022;7,90E+12;98935;59,9
CAT DRY;WHI DRY 2,7 KG CORE;AD FRANGO;Nacional;10254489;WHI DRY AD FRANGO 6X2,7KG 2022;7,90E+12;98939;59,9
CAT DRY;WHI DRY 2,7 KG CORE;FILHOTE CARNE;Nacional;10254499;WHI DRY FILHOTE CARNE 6X2,7KG 2022;7,90E+12;98943;59,9
CAT DRY;WHI MPN DRY 10,1 KG CORE;AD SALMAO;Nacional;10241673;WHI DRY MP NATUREZA SALMAO 1X10,1KG;7,90E+12;98715;242,9
CAT PCH;KITEKAT PCH 0,07 KG;CARNE;Nacional;10219411;KITEKAT SACHE AD CARNE 2X24X70G 2020;7,90E+12;97808;2,99
CAT PCH;KITEKAT PCH 0,07 KG;PEIXE;Nacional;10219412;KITEKAT SACHE AD PEIXE 2X24X70G 2020;7,90E+12;97810;2,99
CAT PCH;KITEKAT PCH 0,07 KG;FRANGO;Nacional;10219423;KITEKAT SACHE AD FRANGO 2X24X70G 2020;7,90E+12;97809;2,99
CAT PCH;KITEKAT PCH 0,07 KG;CORDEIRO;Nacional;10286358;KITEKAT SACHE AD CORDEIRO 2X24X70G 2024;7,90E+12;99444;2,99
CAT PCH;OPT CAT PCH 0,085 KG;CARNE;Nacional;10284313;OPT CAT SACHE AD CARNE 2X20X85G 24;7,90E+12;99447;3,9
CAT PCH;OPT CAT PCH 0,085 KG;CASTRADOS CARNE;Nacional;10284327;OPT CAT SACHE AD CAST CARNE 2X20X85G 24;7,90E+12;99448;3,9
CAT PCH;OPT CAT PCH 0,085 KG;SALMAO;Nacional;10284330;OPT CAT SACHE AD SALMAO 2X20X85G 24;7,90E+12;99449;3,9
CAT PCH;OPT CAT PCH 0,085 KG;CASTRADOS PEIXE;Nacional;10284333;OPT CAT SACHE AD CAST SALMAO 2X20X85G 24;7,90E+12;99450;3,9
CAT PCH;OPT CAT PCH 0,085 KG;ADULTOS FRANGO;Nacional;10401134;OPT CAT SACHE AD FRANGO 2X20X85G RE24;7,90E+12;98458;3,9
CAT PCH;OPT CAT PCH 0,085 KG;MANUTENÇÃO PESO FRANGO;Nacional;10401135;OPT CAT SACHE AD MPESO FGO 2X20X85G RE24;7,90E+12;98459;3,9
CAT PCH;OPT CAT PCH 0,085 KG;FILHOTES FRANGO;Nacional;10401136;OPT CAT SACHE FIL FRANGO 2X20X85G RE24;7,90E+12;98460;3,9
CAT PCH;OPT CAT PCH 0,085 KG;CASTRADOS FRANGO;Nacional;10401137;OPT CAT SACHE AD CAST FRA 2X20X85G RE24;7,90E+12;98457;3,9
CAT PCH;OPT CAT PCH 0,085 KG;CASTRADOS FRANGO;Nacional;10254607;BB OPT SCH CAT AD CAST FGO L8P7 2022;7,90E+12;98954;27,28
CAT PCH;SHE PCH 0,085 G;AD ATUM MARINADO;Nacional;10275923;SHEBA SCH AD ATUM MARINADO 2X20X85G RE23;7,90E+12;97813;4,09
CAT PCH;SHE PCH 0,085 G;AD CARNE MOLHO;Nacional;10275928;SHEBA SCH AD CARNE MOLHO 2X20X85G RE23;7,90E+12;97811;4,09
CAT PCH;SHE PCH 0,085 G;AD FRANGO ASSADO;Nacional;10275977;SHEBA SCH AD FRANGO ASSADO 2X20X85G RE23;7,90E+12;97812;4,09
CAT PCH;SHE PCH 0,085 G;AD SALMAO MOLHO;Nacional;10280811;SHEBA SCH AD SALMAO MOLHO 2X20X85G RE23;7,90E+12;97814;4,09
CAT PCH;SHE PCH 0,085 G;FI ATUM MARINADO;Nacional;10280813;SHEBA SCH FIL ATUM MARI 2X20X85G RE23;7,90E+12;97816;4,09
CAT PCH;SHE PCH 0,085 G;FI CARNE MOLHO;Nacional;10280814;SHEBA SCH FIL CARNE MOLHO 2X20X85G RE23;7,90E+12;97815;4,09
CAT PCH;WHI PCH 0,085 KG;FRANGO;Nacional;10277851;WHI SACHE AD FRANGO MOLHO 2X20X85G RE23;7,90E+12;97737;3,69
CAT PCH;WHI PCH 0,085 KG;CORDEIRO;Nacional;10277858;WHI SACHE AD CORD MOLHO 2X20X85G RE23;7,90E+12;98602;3,69
CAT PCH;WHI PCH 0,085 KG;SALMON;Nacional;10277879;WHI SACHE AD SALMAO MOLHO 2X20X85G RE23;7,90E+12;98603;3,69
CAT PCH;WHI PCH 0,085 KG;ATUM;Nacional;10277880;WHI SACHE AD ATUM MOLHO 2X20X85G RE23;7,90E+12;98509;3,69
CAT PCH;WHI PCH 0,085 KG;CARNE;Nacional;10277881;WHI SACHE AD CARNE MOLHO 2X20X85G RE23;7,90E+12;97723;3,69
CAT PCH;WHI PCH 0,085 KG;FILHOTES CARNE;Nacional;10277883;WHI SACHE FIL CARNE MOLHO 2X20X85G RE23;7,90E+12;98537;3,69
CAT PCH;WHI PCH 0,085 KG;FILHOTES FRANGO;Nacional;10277884;WHI SACHE FIL FRANGO MOLHO 2X20X85G RE23;7,90E+12;98541;3,69
CAT PCH;WHI PCH 0,085 KG;PEIXE;Nacional;10277887;WHI SACHE AD PEIXE JELLY 2X20X85G RE23;7,90E+12;98517;3,69
CAT PCH;WHI PCH 0,085 KG;CARNE;Nacional;10277888;WHI SACHE AD CARNE JELLY 2X20X85G RE23;7,90E+12;97725;3,69
CAT PCH;WHI PCH 0,085 KG;CASTRADO PEIXE;Nacional;10277891;WHI SACHE CAST PEIXE 2X20X85G RE23;7,90E+12;98580;3,69
CAT PCH;WHI PCH 0,085 KG;CASTRADO CARNE;Nacional;10277892;WHI SACHE CAST CARNE 2X20X85G RE23;7,90E+12;98496;3,69
CAT PCH;WHI PCH 0,085 KG;CARNE;Nacional;10279258;BB MPK WHI AD CAR 2X12X85G L12P10 RE23;7,90E+12;97747;36,96
CAT PCH;WHI PCH 0,085 KG;FRANGO;Nacional;10404863;BB WHI SCH FRG 2X20X85G L20P16 24;7,90E+12;99509;59
CAT PCH;WHI PCH 0,085 KG;CARNE;Nacional;10404865;BB WHI SCH CAR 2X20X85G L20P16 24;7,90E+12;99510;59
CAT SCKS;DREAMIES SCKS 0,04 KG;CARNE;Nacional;10256060;DREAMIES CARNE 2X22X40G 2022;7,90E+12;99161;8,29
CAT SCKS;DREAMIES SCKS 0,04 KG;QUEIJO;Nacional;10256104;DREAMIES QUEIJO 2X22X40G 2022;7,90E+12;99162;8,29
CAT SCKS;DREAMIES SCKS 0,04 KG;FRANGO;Nacional;10256105;DREAMIES FRANGO 2X22X40G 2022;7,90E+12;99163;8,29
CAT SCKS;DREAMIES SCKS 0,04 KG;SALMÃO;Nacional;10256106;DREAMIES SALMAO 2X22X40G 2022;7,90E+12;99164;8,29
CAT SCKS;DREAMIES SCKS 0,08 KG;CARNE;Nacional;10256109;DREAMIES CARNE 34X80G 2022;7,90E+12;99165;13,9
CAT SCKS;DREAMIES SCKS 0,08 KG;SALMÃO;Nacional;10256111;DREAMIES SALMAO 34X80G 2022;7,90E+12;99166;13,9
CAT SCKS;DREAMIES SCKS 0,15 KG;CARNE;Nacional;10256113;DREAMIES CARNE 36X150G 2022;7,90E+12;99167;23,09
CAT SCKS;OPT CAT SCKS 0,008G;ANTI BOLA PELO;Nacional;60010069;OPT CAT C&T ANTI BOLA PELO 34X80G 2025;7,90E+12;99802;9,9
CAT SCKS;OPT CAT SCKS 0,008G;PELE & PELO;Nacional;60010070;OPT CAT C&T PELE & PELO 34X80G 2025;7,90E+12;99803;9,9
CAT SCKS;SHEBA CREAMY 0,024 KG;FRANGO E SALSA;Importação;10407540;SHE CRE FGO&SAL 4X12X2X12G 25-2;7,90E+12;99831;14,99
CAT SCKS;SHEBA CREAMY 0,024 KG;ATUM;Importação;60000349;SHE CRE ATUM 4X12X2X12G 25;7,90E+12;99742;14,99
CAT SCKS;SHEBA CREAMY 0,048 KG;ATUM;Importação;60000378;SHE CRE ATUM 2X12X4X12G 25;7,90E+12;99743;19,9
CAT SCKS;SHEBA CREAMY 0,048 KG;ATUM E CAMARÃO;Importação;60000392;SHE CRE ATUM & AT&CAM 2X12X4X12G 25;7,90E+12;99744;19,9
CAT SCKS;SHEBA CREAMY 0,048 KG;FRANGO E PEIXE;Importação;60000396;SHE CRE FRG & FRG&PE 2X12X4X12G 25;7,90E+12;99745;19,9
CAT SCKS;WHI TEMPT SCKS 0,04 KG;PELO SAUDAVEL;Nacional;10256115;WHI TEMP PELO SAUDAVEL 24X40G 2022;7,90E+12;99168;13,19
CAT SCKS;WHI TEMPT SCKS 0,04 KG;ANTI BOLAPELO;Nacional;10256117;WHI TEMP ANTI BOLAPELO 24X40G 2022;7,90E+12;99169;13,19
CAT SCKS;WHI TEMPT SCKS 0,08 KG;ANTI BOLAPELO;Nacional;10256119;WHI TEMP ANTI BOLAPELO 34X80G 2022;7,90E+12;99170;20,9
DOG CAN;PED CAN 0,28 KG;FILHOTES;Nacional;10285543;PED LATA FIL CARNE&FGO PATE 24X280G RE24;7,90E+12;98713;15,39
DOG CAN;PED CAN 0,28 KG;CARNE;Nacional;10285551;PED LATA AD CARNE PATE 24X280G RE24;7,90E+12;98712;15,39
DOG CAN;PED CAN 0,28 KG;FRANGO;Nacional;10285563;PED LATA AD FRANGO PATE 24X280G RE24;7,90E+12;98714;15,39
DOG CAN;PED CAN 0,29 KG;FRANGO AO MOLHO;Nacional;10285561;PED LATA AD FRANGO CIG 24X290G RE24;7,90E+12;97300;15,39
DOG DRY;CHAMP DRY 0,9 KG CORE;CARNE & CEREAL;Nacional;10279185;CHAMP DRY AD CARNE & CEREAL 10X900G RE23;7,90E+12;98985;11,9
DOG DRY;CHAMP DRY 0,9 KG CORE;FILHOTES;Nacional;10279187;CHAMP DRY FILHOTE 10X900G RE23;7,90E+12;98980;11,9
DOG DRY;CHAMP DRY 15 KG CORE;CARNE & CEREAL;Nacional;10280810;CHAMP DRY AD CARNE & CEREAL 15KG RE23;7,90E+12;97224;142,9
DOG DRY;OPT DOG DRY 1 KG CORE;FILHOTES R PEQ&MINIS FRANGO&ARROZ;Nacional;10401093;OPT DRY DOG FIL RPM FGO&ARZ 10X1KG RE24;7,90E+12;97844;27,5
DOG DRY;OPT DOG DRY 1 KG CORE;ADULTOS R PEQ&MINIS FRANGO&ARROZ;Nacional;10401110;OPT DRY DOG AD RPM FGO&ARZ 10X1KG RE24;7,90E+12;97838;27,5
DOG DRY;OPT DOG DRY 15 KG CORE;ADULTOS R MED&GDE FRANGO&ARROZ;Nacional;10401155;OPT DRY DOG AD RMG FGO&ARZ 1X15KG RE24;7,90E+12;97836;210,99
DOG DRY;OPT DOG DRY 15 KG FIL;FILHOTES R MED&GDE FRANGO&ARROZ;Nacional;10401154;OPT DRY DOG FIL RMG FGO&ARZ 1X15KG RE24;7,90E+12;97842;210,99
DOG DRY;OPT DOG DRY 20 KG CORE;ADULTOS R PEQ&MINIS FRANGO&ARROZ;Nacional;10401153;OPT DRY DOG AD RPM FGO&ARZ 1X20KG RE24;7,90E+12;97840;292,49
DOG DRY;OPT DOG DRY 3 KG CORE;FILHOTES R PEQ&MINIS FRANGO&ARROZ;Nacional;10401112;OPT DRY DOG FIL RPM FGO&ARZ 6X3KG RE24;7,90E+12;97845;68,5
DOG DRY;OPT DOG DRY 3 KG CORE;ADULTOS R MED&GDE FRANGO&ARROZ;Nacional;10401116;OPT DRY DOG AD RMG FGO&ARZ 6X3KG RE24;7,90E+12;97837;68,5
DOG DRY;OPT DOG DRY 3 KG CORE;ADULTOS R PEQ&MINIS FRANGO&ARROZ;Nacional;10401121;OPT DRY DOG AD RPM FGO&ARZ 6X3KG RE24;7,90E+12;97841;68,5
DOG DRY;OPT DOG DRY 3 KG CORE;FILHOTES R MED&GDE FRANGO&ARROZ;Nacional;10401122;OPT DRY DOG FIL RMG FGO&ARZ 6X3KG RE24;7,90E+12;97843;68,5
DOG DRY;PED DRY 0,9 KG CORE;FIL RPEQ;Nacional;10286182;PED DRY FIL 10X900G RE24;7,90E+12;98931;19,9
DOG DRY;PED DRY 0,9 KG CORE;AD RAÇAS PEQUENAS;Nacional;10286192;PED DRY AD RP 10X900G RE24;7,90E+12;98912;19,9
DOG DRY;PED DRY 0,9 KG CORE;CARNE&VEGETAIS;Nacional;10286209;PED DRY AD CARNE&VEG 10X900G RE24;7,90E+12;98915;19,9
DOG DRY;PED DRY 0,9 KG CORE;CARNE&FRANGO;Nacional;10286211;PED DRY AD CARNE&FRANGO 10X900G RE24;7,90E+12;98934;19,9
DOG DRY;PED DRY 10,1 KG CORE;C&V;Nacional;10286169;PED DRY AD CARNE&VEG 1X10,1KG RE24;7,90E+12;97074;199,9
DOG DRY;PED DRY 10,1 KG CORE;JUNIOR;Nacional;10286172;PED DRY FIL 1X10,1KG RE24;7,90E+12;97309;199,9
DOG DRY;PED DRY 15 KG CORE;R PEQ;Nacional;10286151;PED DRY AD RP 1X15KG RE24;7,90E+12;97067;235,87
DOG DRY;PED DRY 15 KG CORE;CF&C;Nacional;10286165;PED DRY AD CARNE&FRANGO 1X15KG RE24;7,90E+12;98932;235,87
DOG DRY;PED DRY 15 KG CORE;C&V;Nacional;10286170;PED DRY AD CARNE&VEG 1X15KG RE24;7,90E+12;97076;235,87
DOG DRY;PED DRY 15 KG CORE;JUNIOR;Nacional;10286174;PED DRY FIL 1X15KG RE24;7,90E+12;97307;235,87
DOG DRY;PED DRY 2,7 KG CORE;C&V;Nacional;10286179;PED DRY AD CARNE&VEG 6X2,7KG RE24;7,90E+12;98914;54,9
DOG DRY;PED DRY 2,7 KG CORE;R PEQ;Nacional;10286185;PED DRY AD RP 6X2,7KG RE24;7,90E+12;98911;54,9
DOG DRY;PED DRY 2,7 KG CORE;JUNIOR;Nacional;10286187;PED DRY FIL 6X2,7KG RE24;7,90E+12;98930;54,9
DOG DRY;PED DRY 2,7 KG CORE;CARNE&FRANGO;Nacional;10286190;PED DRY AD CARNE&FRANGO 6X2,7KG RE24;7,90E+12;98933;54,9
DOG DRY;PED DRY 20 KG CORE;R PEQ;Nacional;10286152;PED DRY AD RP 1X20KG RE24;7,90E+12;97068;314,49
DOG DRY;PED DRY 20 KG CORE;C&V;Nacional;10286171;PED DRY AD CARNE&VEG 1X20KG RE24;7,90E+12;97075;314,49
DOG DRY;PED HP DRY 10,1 KG;CARNE E FRANGO;Nacional;10254567;PEDIGREE DRY AD HIGH PRO 10,1KG 2023;7,90E+12;99208;215,99
DOG DRY;PED HP DRY 2,7 KG;CARNE E FRANGO;Nacional;10254565;PEDIGREE DRY AD HIGH PRO 6X2,7KG 2023;7,90E+12;99207;78,9
DOG DRY;PED NE DRY 0,9 KG CARNE;NESSENCIAL AO LEITE;Nacional;60001889;PED NE DRY AD AO LEITE 10X900G RE25;7,90E+12;98989;15,9
DOG DRY;PED NE DRY 0,9 KG CARNE;NESSENCIAL;Nacional;60001895;PED NE DRY AD CARNE 10X900G RE25;7,90E+12;98982;15,9
DOG DRY;PED NE DRY 15 KG CARNE;NESSENCIAL AO LEITE;Nacional;60001890;PED NE DRY AD AO LEITE 15KG RE25;7,90E+12;99044;204,39
DOG DRY;PED NE DRY 15 KG CARNE;NESSENCIAL;Nacional;60001897;PED NE DRY AD CARNE 15KG RE25;7,90E+12;98519;204,39
DOG PCH;CES PCH 0,085 KG;AD CARNE MOLHO;Nacional;10215638;CESAR SCH AD CARNE ASSADA 2X20X85G RE;7,90E+12;97817;4,09
DOG PCH;CES PCH 0,085 KG;AD CORD MOLHO;Nacional;10215640;CESAR SCH AD CORDEIRO ASSADO 2X20X85G RE;7,90E+12;97820;4,09
DOG PCH;CES PCH 0,085 KG;AD FILE MIGNON;Nacional;10215642;CESAR SCH AD FILET MIGNON MO 2X20X85G RE;7,90E+12;97819;4,09
DOG PCH;CES PCH 0,085 KG;AD FRANGO MOLHO;Nacional;10215664;CESAR SCH AD FRANGO MARINADO 2X20X85G RE;7,90E+12;97818;4,09
DOG PCH;CHAMP PCH 0,085 KG;FIL FRANGO;Nacional;10250028;CHAMP SCH FILHOTE FRANGO 2X20X85G 2023;7,90E+12;99190;2,99
DOG PCH;CHAMP PCH 0,085 KG;AD CARNE;Nacional;10250029;CHAMP SCH ADULTO CARNE 2X20X85G 2023;7,90E+12;99191;2,99
DOG PCH;CHAMP PCH 0,085 KG;AD FRANGO;Nacional;10250030;CHAMP SCH ADULTO FRANGO 2X20X85G 2023;7,90E+12;99192;2,99
DOG PCH;OPT DOG PCH 0,1 KG;R PEQ&MINIS CARNE;Nacional;10284034;OPT DOG SACHE AD RP&M CARNE 2X18X100G 24;7,90E+12;99445;3,9
DOG PCH;OPT DOG PCH 0,1 KG;R GR CARNE;Nacional;10284039;OPT DOG SACHE AD RG CARNE 2X18X100 24;7,90E+12;99446;3,9
DOG PCH;OPT DOG PCH 0,1 KG;ADULTOS FRANGO;Nacional;10401139;OPT DOG SACHE AD FRANGO 2X18X100G RE24;7,90E+12;97614;3,9
DOG PCH;OPT DOG PCH 0,1 KG;FILHOTES FRANGO;Nacional;10401140;OPT DOG SACHE FIL FRANGO 2X18X100G RE24;7,90E+12;97613;3,9
DOG PCH;OPT DOG PCH 0,1 KG;R PEQ&MINIS FRANGO;Nacional;10401141;OPT DOG SACHE AD RP&M FGO 2X18X100G 24;7,90E+12;98581;3,9
DOG PCH;OPT DOG PCH 0,1 KG;R PEQ&MINIS FRANGO;Nacional;10254609;BB OPT SCH DOG AD RPM FGO L8P7 2022;7,90E+12;98955;27,28
DOG PCH;PED HP PCH 0,085 KG;CARNE E FRANGO;Nacional;10254555;PED SCH AD HP CARNE FRANGO 2X20X85G 2022;7,90E+12;99046;3,79
DOG PCH;PED HP PCH 0,085 KG;PORCO E CARNE;Nacional;10254558;PED SCH AD HP PORCO CARNE 2X20X85G 2022;7,90E+12;99047;3,79
DOG PCH;PED PCH 0,1 KG;R PEQ CORDEIRO;Nacional;10285635;PED SCH AD RP CORD MOL 2X18X100G RE24;7,90E+12;97721;3,79
DOG PCH;PED PCH 0,1 KG;R PEQ FRANGO;Nacional;10285640;PED SCH AD RP FGO MOL 2X18X100G RE24;7,90E+12;97724;3,79
DOG PCH;PED PCH 0,1 KG;R PEQ CARNE;Nacional;10285643;PED SCH AD RP CARNE MOL 2X18X100G RE24;7,90E+12;97722;3,79
DOG PCH;PED PCH 0,1 KG;FILHOTE FRANGO;Nacional;10285646;PED SCH FILHO FGO MOL 2X18X100G RE24;7,90E+12;97720;3,79
DOG PCH;PED PCH 0,1 KG;SENIOR CARNE;Nacional;10286096;PED SCH SEN CARNE MOLHO 2X18X100G RE24;7,90E+12;97736;3,79
DOG PCH;PED PCH 0,1 KG;FILHOTE CARNE;Nacional;10286099;PED SCH FILHO CARNE MOL 2X18X100G RE24;7,90E+12;97719;3,79
DOG PCH;PED PCH 0,1 KG;RMG CARNE;Nacional;10286102;PED SCH AD RM CARNE MOL 2X18X100G RE24;7,90E+12;97726;3,79
DOG PCH;PED PCH 0,1 KG;FRANGO;Nacional;10286105;PED SCH AD RM FGO MOL 2X18X100G RE24;7,90E+12;97730;3,79
DOG PCH;PED PCH 0,1 KG;R PEQ CARNE;Nacional;10286139;BB PED SCH RP CAR 2X12X100G L12P10 RE24;7,90E+12;97500;37,92
DOG PCH;PED PCH 0,1 KG;R PEQ CARNE;Nacional;10404859;BB PED SCH RP CAR 2X18X100G L18P15 24;7,90E+12;99507;56,88
DOG PCH;PED PCH 0,1 KG;R PEQ FRANGO;Nacional;10404861;BB PED SCH RP FRG 2X18X100G L18P15 24;7,90E+12;99508;56,88
DOG SCKS;OPT DOG SCKS 0,008G;SIS IMUN;Nacional;60010012;OPT DOG C&T SIS IMUN 34X80G 2025;7,90E+12;99800;8,9
DOG SCKS;OPT DOG SCKS 0,008G;PELE & PELO;Nacional;60010014;OPT DOG C&T PELE & PELO 34X80G 2025;7,90E+12;99801;8,9
DOG SCKS;PED DTX SCKS 0,045 KG;DENTASTICS;Importação;10229969;PED DENTASTIX R PEQ 3 STICKS 18X45G PH1;7,90E+12;99320;11,9
DOG SCKS;PED DTX SCKS 0,077 KG;DENTASTICS;Importação;10229971;PED DENTASTIX R MED 3 STICKS 18X77G PH1;7,90E+12;99323;13,9
DOG SCKS;PED DTX SCKS 0,11 KG;DENTASTICS;Importação;10229970;PED DENTASTIX R PEQ 7STICKS 10X110G PH1;7,90E+12;99321;20,9
DOG SCKS;PED DTX SCKS 0,18 KG;DENTASTICS;Importação;10229972;PED DENTASTIX R MED 7STICKS 10X180G PH1;7,90E+12;99324;28,5
DOG SCKS;PED DTX SCKS 0,27 KG;DENTASTICS;Importação;10229983;PED DENTASTIX R GDE 7STICKS 10X270G PH1;7,90E+12;99325;34,9
DOG SCKS;PED BISCROK SCKS 0,15 KG;RP;Nacional;60010016;PED BISCROK AD RP 32X150G 2025;7,90E+12;99310;10,9
DOG SCKS;PED BISCROK SCKS 0,3 KG;BISCROK;Nacional;60010089;PED BISCROK FILHOTES 24X300G 2025;7,90E+12;97375;21,9
DOG SCKS;PED BISCROK SCKS 0,5 KG;MINI;Nacional;60010037;PED BISCROK AD R PEQ 22X500G 2025;7,90E+12;99311;27,5
DOG SCKS;PED BISCROK SCKS 0,5 KG;MAXI;Nacional;60010039;PED BISCROK AD R GDE 22X500G 2025;7,90E+12;99313;27,5
DOG SCKS;PED BISCROK SCKS 0,5 KG;MULTI;Nacional;60010100;PED BISCROK AD MULTI 22X500G 2025;7,90E+12;99315;27,5
DOG SCKS;PED BISCROK SCKS 0,5 KG;R PEQ BANANA;Nacional;60010120;PED BISCROK AD R PEQ BANANA 22X500G 2025;7,90E+12;99798;27,5
DOG SCKS;PED BISCROK SCKS 0,5 KG;R PEQ MACA;Nacional;60010122;PED BISCROK AD R PEQ MACA 22X500G 2025;7,90E+12;99799;27,5
DOG SCKS;PED BISCROK SCKS 1 KG;MAXI;Nacional;60010102;PED BISCROK AD R GDE 10X1KG 2025;7,90E+12;99314;38,9
DOG SCKS;PED BISCROK SCKS 1 KG;MINI;Nacional;60010104;PED BISCROK AD R PEQ 10X1KG 2025;7,90E+12;99312;38,9
DOG SCKS;PED BISCROK SCKS 1 KG;MULTI;Nacional;60010106;PED BISCROK AD MULTI 10X1KG 2025;7,90E+12;99316;38,9
DOG SCKS;PED FILEZITOS 60G;CARNE;Nacional;10407636;PED FILEZITOS AD CARNE 20X60G;7,90E+12;99954;6,49
DOG SCKS;PED FILEZITOS 60G;CHURRASCO;Nacional;10407638;PED FILEZITOS AD CHURRASCO 20X60G;7,90E+12;99955;6,49
DOG SCKS;PED FILEZITOS 60G;FRANGO;Nacional;10407640;PED FILEZITOS AD FRANGO 20X60G;7,90E+12;99956;6,49
DOG SCKS;PED MARROBONE SCKS 0,2 KG;MARROBONE;Nacional;60010111;PED MARROBONE 24X200G 2025;7,90E+12;97097;19,9
DOG SCKS;PED MARROBONE SCKS 0,5 KG;MARROBONE;Nacional;60010108;PED MARROBONE 26X500G 2025;7,90E+12;97061;27,5
DOG SCKS;PED TASTY BITES SCKS 0,04 KG;CARNE;Nacional;10280876;PED TASTY BITES CARNE 2X22X40G 2024;7,90E+12;99776;5,9
DOG SCKS;PED TASTY BITES SCKS 0,08 KG;CARNE;Nacional;10280847;PED TASTY BITES CARNE 34X80G 2024;7,90E+12;99773;9,9
DOG SCKS;PED TASTY BITES SCKS 0,08 KG;FRANGO;Nacional;10280849;PED TASTY BITES FRANGO 34X80G 2024;7,90E+12;99774;9,9
DOG SCKS;PED TASTY BITES SCKS 0,08 KG;LEITE;Nacional;10280852;PED TASTY BITES LEITE 34X80G 2024;7,90E+12;99775;9,9
DOG SCKS;PED TASTY BITES SCKS 0,13 KG;CARNE;Nacional;10280878;PED TASTY BITES CARNE 36X130G 2024;7,90E+12;99777;13,9
DOG DRY;PED BS DRY 0,9 KG;AD RP PERU;Nacional;60011049;PED DRY BS AD RP PERU 10X900G 2025;7,90E+12;99953;22,9
DOG DRY;PED BS DRY 0,9 KG;AD RP SALMAO;Nacional;60011101;PED DRY BS AD RP SALMAO 10X900G 2025;7,90E+12;99951;22,9
DOG DRY;PED BS DRY 2,7 KG;AD RP PERU;Nacional;60011103;PED DRY BS AD RP PERU 6X2,7KG 2025;7,90E+12;99952;62,59
DOG DRY;PED BS DRY 2,7 KG;AD RP SALMAO;Nacional;60011036;PED DRY BS AD RP SALMAO 6X2,7KG 2025;7,90E+12;99950;62,59
DOG SCKS;PED FILEZITOS 400G;CHURRASCO;Nacional;60024804;PED FILEZITOS AD CHURRASCO 16X400G;7,90E+12;100051;34,9
CAT SCKS;SHEBA CREAMY 0,024 KG;FRANGO E SALSA;Importação;10407540;SHE CRE AT&SAL + FGO&CAM 4X12G 25-2;7,90E+12;99830;14,99
